{"cameraMode":{"drawMode":0,"name":"Shaded","section":"Shading Mode"},"sceneLighting":true,"audioPlay":false,"sceneViewState":{"showFog":true,"showMaterialUpdate":false,"showSkybox":true,"showFlares":true,"showImageEffects":true,"showParticleSystems":true},"in2DMode":false,"pivot":{"x":0.675529956817627,"y":-1.2388200759887696,"z":-3.752875328063965},"rotation":{"x":-0.036525923758745196,"y":0.9631329774856567,"z":-0.20106905698776246,"w":-0.17496167123317719},"size":6.5708746910095219,"orthographic":false}